#Results from SampleExperiment.c, First line is means, second line is standard derivations
172.10147.80161.80168.30195.20216.50178.10146.80205.40160.70187.10154.00144.90116.60183.00155.50138.30122.10164.10153.00123.10
187.9988.88113.1896.64146.08186.91143.98139.19162.63100.73100.80161.31150.7960.67111.60143.3879.9974.3679.04112.8358.95
