#Results from SampleExperiment.c, First line is means, second line is standard derivations
176.10192.10233.90166.00136.00148.90124.80150.30209.30189.80200.70255.70178.40212.70210.80184.90211.30207.80201.70237.70188.10
116.2894.33103.59123.9473.4180.8860.7777.15114.46141.00219.86192.50138.84304.21154.26109.24168.85239.86227.92147.92155.13
