#Results from SampleExperiment.c, First line is means, second line is standard derivations
10.0030.0020.000.0020.0030.0060.0060.0050.0070.00100.00100.00100.00100.00100.00100.00100.00100.00100.00100.00100.00
31.6248.3042.160.0042.1648.3051.6451.6452.7048.300.000.000.000.000.000.000.000.000.000.000.00
